post_id,account_id,platform,title,published_at,duration_sec,content_type,caption_len,hashtags_count,tags,thumbnail_url,captured_at,views,likes,comments,shares,saves,completed_views,watch_time_sec,followers_gained
post_100000,acc_alexcreates,tiktok,The Secret to Better Hooks,2024-03-14 23:50:50,51.1,Talking Head,263,2,"Mindset,Productivity,Habits,Morning Routine",assets/thumbs/tiktok_1.jpg,2024-04-13 23:50:50,95527,3239,264,580,747,45720,1797851.4,245
post_100001,acc_alexcreates,tiktok,Simple Rule for Mental Clarity #2,2024-05-20 05:49:17,57.6,Text/Caption,235,7,"Advice,Career,Motivation,Finance",assets/thumbs/tiktok_2.jpg,2024-06-19 05:49:17,275889,26449,2100,3761,5194,199748,9250933.6,1678
post_100002,acc_alexcreates,reels,My Productivity Setup (2024),2024-04-10 07:45:54,21.8,Talking Head,123,6,"Fitness,Health,Workout,Routine",assets/thumbs/reels_3.jpg,2024-05-10 07:45:54,91667,4045,310,479,903,49007,893804.3,212
post_100003,acc_alexcreates,tiktok,5 Books That Actually Matter,2024-02-21 21:55:42,18.0,Text/Caption,115,2,"Productivity,Setup,Tech,Workflow",assets/thumbs/tiktok_4.jpg,2024-03-22 21:55:42,134595,5321,327,815,1060,84114,1238187.4,238
post_100004,acc_alexcreates,tiktok,3 Habits That Save 10 Hours a Week,2024-05-03 18:35:19,37.4,B-Roll,276,2,"Advice,Career,Motivation,Finance",assets/thumbs/tiktok_5.jpg,2024-06-02 18:35:19,30709,663,52,120,143,10603,312131.1,45
post_100005,acc_alexcreates,reels,Stop Overthinking (Here's How),2024-02-01 22:36:44,52.7,B-Roll,75,2,"Productivity,Setup,Tech,Workflow",assets/thumbs/reels_6.jpg,2024-03-02 22:36:44,59002,2357,171,371,474,27430,1168246.6,134
post_100006,acc_alexcreates,tiktok,Stop Overthinking (Here's How) #6,2024-01-06 13:30:00,57.3,POV,81,5,"Lifestyle,Travel,Vlog,Daily",assets/thumbs/tiktok_7.jpg,2024-02-05 13:30:00,145994,13611,879,1887,2832,126419,5769929.6,643
post_100007,acc_alexcreates,tiktok,3 Habits That Save 10 Hours a Week #7,2024-02-09 04:54:02,43.6,Talking Head,118,4,"Advice,Career,Motivation,Finance",assets/thumbs/tiktok_8.jpg,2024-03-10 04:54:02,261321,16201,865,2230,3377,186380,6488144.2,897
post_100008,acc_alexcreates,reels,My Full Workout Routine #5,2024-05-26 13:49:37,35.6,POV,135,4,"Mindset,Productivity,Habits,Morning Routine",assets/thumbs/reels_9.jpg,2024-06-25 13:49:37,135597,6966,469,1007,1407,81755,2381571.7,451
post_100009,acc_alexcreates,tiktok,This Changed Everything,2024-03-24 18:03:17,32.0,Screen Record,52,7,"Fitness,Health,Workout,Routine",assets/thumbs/tiktok_10.jpg,2024-04-23 18:03:17,11133,302,23,51,71,3746,96526.0,17
post_100010,acc_alexcreates,tiktok,You're Closer Than You Think #8,2024-03-12 18:58:52,50.8,Screen Record,227,4,"Mindset,Productivity,Habits,Morning Routine",assets/thumbs/tiktok_1.jpg,2024-04-11 18:58:52,220894,17577,1060,2534,3957,153618,6479664.9,891
post_100011,acc_alexcreates,reels,A Day in My Life as a Creator #6,2024-04-30 03:44:00,21.6,Screen Record,156,4,"Productivity,Setup,Tech,Workflow",assets/thumbs/reels_2.jpg,2024-05-30 03:44:00,368077,23639,1868,3953,4970,271745,4671237.5,1513
post_100012,acc_alexcreates,reels,What Nobody Tells You About Burnout #3,2024-02-16 05:09:52,25.8,Text/Caption,116,4,"Fitness,Health,Workout,Routine",assets/thumbs/reels_3.jpg,2024-03-17 05:09:52,18560,461,42,87,103,4718,96447.7,25
post_100013,acc_alexcreates,reels,The Secret to Better Hooks #7,2024-05-10 02:15:54,43.1,Talking Head,126,5,"Fitness,Health,Workout,Routine",assets/thumbs/reels_4.jpg,2024-06-09 02:15:54,356538,21325,1488,2619,4164,293770,9966083.9,1191
post_100014,acc_alexcreates,tiktok,My Productivity Setup (2024) #6,2024-01-25 22:00:16,38.2,B-Roll,140,4,"Lifestyle,Travel,Vlog,Daily",assets/thumbs/tiktok_5.jpg,2024-02-24 22:00:16,173130,18000,978,2818,3623,143847,4307265.8,1099
post_100015,acc_alexcreates,shorts,This Changed Everything,2024-03-17 10:11:51,29.7,Screen Record,92,7,"Productivity,Setup,Tech,Workflow",assets/thumbs/shorts_6.jpg,2024-04-16 10:11:51,369850,20607,1293,3685,4901,317542,7693740.0,1112
post_100016,acc_alexcreates,tiktok,Why Consistency Always Wins #3,2024-01-13 16:45:15,37.1,B-Roll,119,2,"Lifestyle,Travel,Vlog,Daily",assets/thumbs/tiktok_7.jpg,2024-02-12 16:45:15,145184,5620,428,782,1197,88412,2604483.5,272
post_100017,acc_alexcreates,tiktok,The Secret to Better Hooks #7,2024-03-27 21:11:27,19.0,Talking Head,264,3,"Productivity,Setup,Tech,Workflow",assets/thumbs/tiktok_8.jpg,2024-04-26 21:11:27,324780,24577,1644,2898,4823,249076,3742092.7,1535
post_100018,acc_alexcreates,tiktok,A Day in My Life as a Creator #6,2024-05-21 08:23:56,48.1,Text/Caption,239,2,"Fitness,Health,Workout,Routine",assets/thumbs/tiktok_9.jpg,2024-06-20 08:23:56,33287,373,23,47,79,14133,539297.8,24
post_100019,acc_alexcreates,shorts,Why Consistency Always Wins #2,2024-01-08 06:36:19,27.8,B-Roll,209,5,"Productivity,Setup,Tech,Workflow",assets/thumbs/shorts_10.jpg,2024-02-07 06:36:19,155044,6815,488,1001,1666,98542,2176131.0,390
post_100020,acc_alexcreates,tiktok,5 Books That Actually Matter,2024-05-07 06:57:16,27.4,Text/Caption,139,2,"Fitness,Health,Workout,Routine",assets/thumbs/tiktok_1.jpg,2024-06-06 06:57:16,440135,25582,2255,4157,6107,289123,6435547.7,1692
post_100021,acc_alexcreates,reels,My Full Workout Routine #3,2024-04-06 05:33:23,38.8,Screen Record,176,4,"Fitness,Health,Workout,Routine",assets/thumbs/reels_2.jpg,2024-05-06 05:33:23,836225,42010,3337,5122,9308,592750,17793137.4,2223
post_100022,acc_alexcreates,tiktok,What Nobody Tells You About Burnout,2024-03-30 14:10:47,32.2,Talking Head,239,6,"Mindset,Productivity,Habits,Morning Routine",assets/thumbs/tiktok_3.jpg,2024-04-29 14:10:47,171727,5144,320,655,1075,95652,2362975.1,319
post_100023,acc_alexcreates,tiktok,What Nobody Tells You About Burnout,2024-02-07 15:26:01,56.7,Text/Caption,124,6,"Productivity,Setup,Tech,Workflow",assets/thumbs/tiktok_4.jpg,2024-03-08 15:26:01,99841,5592,332,698,1191,54946,2484738.5,242
post_100024,acc_alexcreates,reels,How to Double Your Output in 30 Days,2024-01-14 11:11:48,16.9,Screen Record,204,2,"Lifestyle,Travel,Vlog,Daily",assets/thumbs/reels_5.jpg,2024-02-13 11:11:48,18104,212,17,26,46,6106,83456.9,13
post_100025,acc_alexcreates,tiktok,5 Books That Actually Matter #7,2024-04-12 19:30:51,31.0,Text/Caption,196,4,"Advice,Career,Motivation,Finance",assets/thumbs/tiktok_6.jpg,2024-05-12 19:30:51,26942,467,36,63,108,11311,283074.2,30
post_100026,acc_alexcreates,tiktok,You're Closer Than You Think,2024-02-14 06:07:37,26.8,Text/Caption,218,4,"Productivity,Setup,Tech,Workflow",assets/thumbs/tiktok_7.jpg,2024-03-15 06:07:37,187267,15464,899,2010,2807,131989,2881596.0,688
post_100027,acc_alexcreates,tiktok,My Full Workout Routine #3,2024-05-23 11:40:07,25.0,Talking Head,224,2,"Lifestyle,Travel,Vlog,Daily",assets/thumbs/tiktok_8.jpg,2024-06-22 11:40:07,185808,15533,1347,2274,3716,138699,2781459.4,960
post_100028,acc_alexcreates,reels,My Productivity Setup (2024) #3,2024-02-16 00:52:23,52.0,POV,174,6,"Mindset,Productivity,Habits,Morning Routine",assets/thumbs/reels_9.jpg,2024-03-17 00:52:23,710298,58598,3855,8993,11808,518906,20565270.8,3556
post_100029,acc_alexcreates,tiktok,My Productivity Setup (2024) #3,2024-05-30 21:51:34,28.8,Talking Head,57,2,"Productivity,Setup,Tech,Workflow",assets/thumbs/tiktok_10.jpg,2024-06-29 21:51:34,85021,3637,254,497,764,51260,1168692.5,195
post_100030,acc_alexcreates,reels,You're Closer Than You Think #5,2024-05-31 15:05:01,52.9,Screen Record,47,7,"Fitness,Health,Workout,Routine",assets/thumbs/reels_1.jpg,2024-06-30 15:05:01,230987,17834,1147,2073,3548,162623,7170361.8,1132
post_100031,acc_alexcreates,tiktok,A Day in My Life as a Creator,2024-03-28 02:02:35,49.2,Talking Head,211,4,"Productivity,Setup,Tech,Workflow",assets/thumbs/tiktok_2.jpg,2024-04-27 02:02:35,109424,4577,340,586,1015,53470,2015302.4,257
post_100032,acc_alexcreates,shorts,The Secret to Better Hooks #2,2024-04-16 04:12:03,37.3,Talking Head,168,6,"Lifestyle,Travel,Vlog,Daily",assets/thumbs/shorts_3.jpg,2024-05-16 04:12:03,29052,385,29,44,89,9384,270066.7,21
post_100033,acc_alexcreates,shorts,The Secret to Better Hooks,2024-02-08 08:43:49,22.2,Screen Record,99,7,"Lifestyle,Travel,Vlog,Daily",assets/thumbs/shorts_4.jpg,2024-03-09 08:43:49,420148,33340,2291,5131,6802,285023,5326754.9,2163
post_100034,acc_alexcreates,tiktok,How to Double Your Output in 30 Days #2,2024-02-13 22:35:31,30.6,B-Roll,118,5,"Productivity,Setup,Tech,Workflow",assets/thumbs/tiktok_5.jpg,2024-03-14 22:35:31,256241,16928,1152,2543,3624,199690,4890507.3,799
post_100035,acc_alexcreates,tiktok,The 5 AM Mindset Changed My Life #9,2024-05-08 13:26:14,48.9,Screen Record,43,5,"Fitness,Health,Workout,Routine",assets/thumbs/tiktok_6.jpg,2024-06-07 13:26:14,11229,303,21,33,55,3304,134633.7,17
post_100036,acc_alexcreates,tiktok,My Full Workout Routine,2024-03-21 22:00:17,36.3,Talking Head,251,3,"Productivity,Setup,Tech,Workflow",assets/thumbs/tiktok_7.jpg,2024-04-20 22:00:17,118665,4048,220,588,754,76357,2179366.0,179
post_100037,acc_alexcreates,tiktok,Why Consistency Always Wins,2024-02-11 14:53:56,31.7,Talking Head,120,2,"Lifestyle,Travel,Vlog,Daily",assets/thumbs/tiktok_8.jpg,2024-03-12 14:53:56,128641,4560,311,689,862,65553,1709277.0,265
post_100038,acc_alexcreates,tiktok,Simple Rule for Mental Clarity #5,2024-02-04 13:34:20,22.2,Screen Record,49,5,"Fitness,Health,Workout,Routine",assets/thumbs/tiktok_9.jpg,2024-03-05 13:34:20,68832,2644,166,326,563,43018,766768.8,158
post_100039,acc_alexcreates,shorts,3 Habits That Save 10 Hours a Week #8,2024-04-22 18:59:50,40.6,Talking Head,232,7,"Productivity,Setup,Tech,Workflow",assets/thumbs/shorts_10.jpg,2024-05-22 18:59:50,202891,19426,1309,2165,3710,160347,5472595.1,984
post_100040,acc_alexcreates,tiktok,The 5 AM Mindset Changed My Life #9,2024-01-23 18:09:03,57.4,POV,213,2,"Fitness,Health,Workout,Routine",assets/thumbs/tiktok_1.jpg,2024-02-22 18:09:03,224133,19651,1400,3358,4340,167845,7745135.1,1182
post_100041,acc_alexcreates,tiktok,My Productivity Setup (2024) #9,2024-03-28 06:03:14,21.8,POV,55,6,"Productivity,Setup,Tech,Workflow",assets/thumbs/tiktok_2.jpg,2024-04-27 06:03:14,71432,2840,185,343,539,46263,774942.0,147
post_100042,acc_alexcreates,tiktok,Why Consistency Always Wins,2024-04-12 20:13:50,49.5,POV,153,3,"Advice,Career,Motivation,Finance",assets/thumbs/tiktok_3.jpg,2024-05-12 20:13:50,471969,31181,2547,4319,6192,360237,14156512.7,1689
post_100043,acc_alexcreates,tiktok,Simple Rule for Mental Clarity #7,2024-02-12 23:55:26,32.9,POV,199,4,"Advice,Career,Motivation,Finance",assets/thumbs/tiktok_4.jpg,2024-03-13 23:55:26,137514,7942,530,1212,1668,65285,1743046.9,441
post_100044,acc_alexcreates,tiktok,5 Books That Actually Matter,2024-04-26 00:58:55,54.6,Screen Record,94,2,"Lifestyle,Travel,Vlog,Daily",assets/thumbs/tiktok_5.jpg,2024-05-26 00:58:55,391865,33769,2236,5311,7559,313829,13285176.8,2171
post_100045,acc_alexcreates,shorts,3 Habits That Save 10 Hours a Week #2,2024-01-28 18:29:43,19.4,B-Roll,186,3,"Lifestyle,Travel,Vlog,Daily",assets/thumbs/shorts_6.jpg,2024-02-27 18:29:43,12132,107,6,17,21,3910,58644.3,6
post_100046,acc_alexcreates,tiktok,What Nobody Tells You About Burnout,2024-01-21 18:06:27,19.4,POV,52,7,"Productivity,Setup,Tech,Workflow",assets/thumbs/tiktok_7.jpg,2024-02-20 18:06:27,156330,9385,644,1513,2003,136533,2046021.5,577
post_100047,acc_alexcreates,reels,My Full Workout Routine #9,2024-02-25 21:27:32,15.7,POV,254,6,"Advice,Career,Motivation,Finance",assets/thumbs/reels_8.jpg,2024-03-26 21:27:32,429603,30698,2552,5164,6314,342924,4529201.1,1491
post_100048,acc_alexcreates,tiktok,This Changed Everything,2024-05-15 17:52:39,33.5,Talking Head,59,5,"Fitness,Health,Workout,Routine",assets/thumbs/tiktok_9.jpg,2024-06-14 17:52:39,251504,21928,1895,3844,4939,225494,5763931.5,1202
post_100049,acc_alexcreates,reels,The 5 AM Mindset Changed My Life #4,2024-03-07 07:00:24,45.3,Talking Head,83,2,"Lifestyle,Travel,Vlog,Daily",assets/thumbs/reels_10.jpg,2024-04-06 07:00:24,24558,320,21,41,72,10788,395145.4,19
post_100050,acc_alexcreates,tiktok,Stop Overthinking (Here's How) #7,2024-05-16 10:35:00,26.5,Text/Caption,258,3,"Advice,Career,Motivation,Finance",assets/thumbs/tiktok_1.jpg,2024-06-15 10:35:00,712801,51512,4288,8207,10770,554034,11456443.9,2927
post_100051,acc_alexcreates,tiktok,Simple Rule for Mental Clarity #6,2024-02-12 15:31:55,16.0,Screen Record,104,3,"Mindset,Productivity,Habits,Morning Routine",assets/thumbs/tiktok_2.jpg,2024-03-13 15:31:55,982238,81847,5651,10834,17650,779082,9712963.1,3812
post_100052,acc_alexcreates,tiktok,Why Consistency Always Wins,2024-02-19 13:14:44,34.7,Text/Caption,136,5,"Lifestyle,Travel,Vlog,Daily",assets/thumbs/tiktok_3.jpg,2024-03-20 13:14:44,338948,27218,1486,3422,6088,272855,7413917.8,1596
post_100053,acc_alexcreates,tiktok,3 Habits That Save 10 Hours a Week #4,2024-05-08 13:22:35,16.6,POV,263,2,"Mindset,Productivity,Habits,Morning Routine",assets/thumbs/tiktok_4.jpg,2024-06-07 13:22:35,16976,344,27,53,65,5075,70090.1,16
post_100054,acc_alexcreates,reels,The 5 AM Mindset Changed My Life #6,2024-02-24 20:46:06,38.0,Screen Record,131,7,"Lifestyle,Travel,Vlog,Daily",assets/thumbs/reels_5.jpg,2024-03-25 20:46:06,20251,346,28,50,83,7996,232631.0,21
post_100055,acc_alexcreates,reels,3 Habits That Save 10 Hours a Week,2024-01-03 15:22:59,51.3,Text/Caption,56,5,"Productivity,Setup,Tech,Workflow",assets/thumbs/reels_6.jpg,2024-02-02 15:22:59,144248,7319,533,1139,1723,62684,2673141.0,483
post_100056,acc_alexcreates,shorts,Simple Rule for Mental Clarity,2024-02-28 07:49:22,52.3,Talking Head,136,2,"Mindset,Productivity,Habits,Morning Routine",assets/thumbs/shorts_7.jpg,2024-03-29 07:49:22,330319,21258,1400,3314,4429,294533,11997507.8,1382
post_100057,acc_alexcreates,tiktok,5 Books That Actually Matter,2024-01-07 14:29:57,46.8,Text/Caption,237,7,"Productivity,Setup,Tech,Workflow",assets/thumbs/tiktok_8.jpg,2024-02-06 14:29:57,111943,6133,478,695,1388,60416,2287396.1,390
post_100058,acc_alexcreates,shorts,You're Closer Than You Think,2024-04-18 06:24:55,45.1,B-Roll,131,3,"Advice,Career,Motivation,Finance",assets/thumbs/shorts_9.jpg,2024-05-18 06:24:55,370099,26779,1856,3383,5985,323861,11565125.7,1695
post_100059,acc_alexcreates,reels,A Day in My Life as a Creator #3,2024-05-07 08:43:38,22.5,Text/Caption,183,5,"Productivity,Setup,Tech,Workflow",assets/thumbs/reels_10.jpg,2024-06-06 08:43:38,134338,6617,440,859,1280,70259,1260955.7,302
post_100060,acc_alexcreates,reels,5 Books That Actually Matter,2024-01-09 11:36:36,55.6,B-Roll,101,6,"Productivity,Setup,Tech,Workflow",assets/thumbs/reels_1.jpg,2024-02-08 11:36:36,168266,7798,662,1098,1883,107816,4731242.3,464
post_100061,acc_alexcreates,tiktok,Why Consistency Always Wins,2024-01-02 06:27:24,43.1,B-Roll,134,7,"Productivity,Setup,Tech,Workflow",assets/thumbs/tiktok_2.jpg,2024-02-01 06:27:24,635180,43544,3706,5989,9667,524337,17790679.6,2802
post_100062,acc_alexcreates,shorts,5 Books That Actually Matter #4,2024-04-07 13:16:50,32.2,POV,142,5,"Advice,Career,Motivation,Finance",assets/thumbs/shorts_3.jpg,2024-05-07 13:16:50,120931,5638,429,695,1239,68017,1783423.0,323
post_100063,acc_alexcreates,tiktok,A Day in My Life as a Creator,2024-01-22 10:46:52,23.9,Text/Caption,100,2,"Advice,Career,Motivation,Finance",assets/thumbs/tiktok_4.jpg,2024-02-21 10:46:52,808000,63983,5462,10647,12611,658231,12995175.4,4205
post_100064,acc_alexcreates,tiktok,The Secret to Better Hooks #8,2024-05-01 06:48:17,53.9,POV,192,2,"Fitness,Health,Workout,Routine",assets/thumbs/tiktok_5.jpg,2024-05-31 06:48:17,79704,2124,178,374,504,43823,1911341.5,110
post_100065,acc_alexcreates,tiktok,What Nobody Tells You About Burnout,2024-04-22 08:17:19,45.9,B-Roll,232,4,"Advice,Career,Motivation,Finance",assets/thumbs/tiktok_6.jpg,2024-05-22 08:17:19,76805,2910,180,346,577,46231,1666751.2,173
post_100066,acc_alexcreates,tiktok,The Secret to Better Hooks #9,2024-04-04 23:13:21,30.5,POV,166,3,"Fitness,Health,Workout,Routine",assets/thumbs/tiktok_7.jpg,2024-05-04 23:13:21,68460,3288,244,550,847,38184,959347.0,245
post_100067,acc_alexcreates,reels,My Productivity Setup (2024),2024-04-20 05:31:22,41.5,B-Roll,125,6,"Lifestyle,Travel,Vlog,Daily",assets/thumbs/reels_8.jpg,2024-05-20 05:31:22,84250,2805,195,468,597,39480,1370686.1,190
post_100068,acc_alexcreates,reels,The Truth About Content Creation #2,2024-02-28 09:18:59,36.0,B-Roll,252,5,"Fitness,Health,Workout,Routine",assets/thumbs/reels_9.jpg,2024-03-29 09:18:59,150899,7605,444,1048,1789,78332,2363812.9,520
post_100069,acc_alexcreates,tiktok,The 5 AM Mindset Changed My Life,2024-05-29 21:37:14,54.8,Talking Head,144,3,"Lifestyle,Travel,Vlog,Daily",assets/thumbs/tiktok_10.jpg,2024-06-28 21:37:14,481279,36827,2249,4663,7915,375475,16569210.7,1708
post_100070,acc_alexcreates,shorts,You're Closer Than You Think,2024-04-13 18:14:18,49.6,Talking Head,103,4,"Productivity,Setup,Tech,Workflow",assets/thumbs/shorts_1.jpg,2024-05-13 18:14:18,264949,18628,1271,3189,4228,192197,7360877.5,1139
post_100071,acc_alexcreates,shorts,Stop Overthinking (Here's How) #5,2024-02-23 16:17:54,27.8,POV,132,6,"Lifestyle,Travel,Vlog,Daily",assets/thumbs/shorts_2.jpg,2024-03-24 16:17:54,182703,6022,388,1002,1492,111884,2401768.5,336
post_100072,acc_alexcreates,shorts,You're Closer Than You Think,2024-01-13 20:59:52,28.3,Talking Head,171,3,"Fitness,Health,Workout,Routine",assets/thumbs/shorts_3.jpg,2024-02-12 20:59:52,138471,7995,569,1070,1431,70520,1672497.4,465
post_100073,acc_alexcreates,tiktok,My Productivity Setup (2024) #7,2024-04-05 15:08:56,36.8,Text/Caption,256,2,"Mindset,Productivity,Habits,Morning Routine",assets/thumbs/tiktok_4.jpg,2024-05-05 15:08:56,113366,4192,284,560,822,62546,1856945.8,212
post_100074,acc_alexcreates,reels,You're Closer Than You Think,2024-04-08 11:49:16,21.1,Text/Caption,240,2,"Mindset,Productivity,Habits,Morning Routine",assets/thumbs/reels_5.jpg,2024-05-08 11:49:16,259412,22760,1584,3008,4550,182034,3173870.5,1384
post_100075,acc_alexcreates,shorts,Simple Rule for Mental Clarity,2024-03-12 04:34:25,42.8,Screen Record,73,2,"Lifestyle,Travel,Vlog,Daily",assets/thumbs/shorts_6.jpg,2024-04-11 04:34:25,60076,3143,200,339,651,30091,1056510.3,173
post_100076,acc_alexcreates,tiktok,The Secret to Better Hooks,2024-03-21 00:57:00,52.1,Talking Head,103,6,"Productivity,Setup,Tech,Workflow",assets/thumbs/tiktok_7.jpg,2024-04-20 00:57:00,110112,6478,437,859,1326,63363,2522482.4,281
post_100077,acc_alexcreates,reels,How to Double Your Output in 30 Days #4,2024-05-06 21:33:21,42.7,Screen Record,239,7,"Lifestyle,Travel,Vlog,Daily",assets/thumbs/reels_8.jpg,2024-06-05 21:33:21,162988,8076,574,1194,1620,73729,2600719.4,452
post_100078,acc_alexcreates,tiktok,Simple Rule for Mental Clarity,2024-01-09 19:01:50,51.8,Screen Record,143,7,"Fitness,Health,Workout,Routine",assets/thumbs/tiktok_9.jpg,2024-02-08 19:01:50,599604,44118,2749,7439,10183,413036,17217208.1,3024
post_100079,acc_alexcreates,shorts,The Secret to Better Hooks,2024-03-19 23:51:08,52.5,Talking Head,77,6,"Advice,Career,Motivation,Finance",assets/thumbs/shorts_10.jpg,2024-04-18 23:51:08,31724,705,57,82,166,11545,493769.8,46
post_100080,acc_alexcreates,tiktok,Simple Rule for Mental Clarity #7,2024-04-11 10:29:45,56.8,Text/Caption,59,6,"Mindset,Productivity,Habits,Morning Routine",assets/thumbs/tiktok_1.jpg,2024-05-11 10:29:45,146308,8355,657,937,1559,84180,3851603.7,386
post_100081,acc_alexcreates,tiktok,Simple Rule for Mental Clarity,2024-01-31 17:58:35,16.3,Text/Caption,72,2,"Mindset,Productivity,Habits,Morning Routine",assets/thumbs/tiktok_2.jpg,2024-03-01 17:58:35,309553,21018,1605,2864,4440,246724,3376998.4,1403
post_100082,acc_alexcreates,tiktok,The Truth About Content Creation,2024-03-02 16:33:10,39.2,Text/Caption,171,7,"Advice,Career,Motivation,Finance",assets/thumbs/tiktok_3.jpg,2024-04-01 16:33:10,31499,698,42,92,126,11455,360525.0,34
post_100083,acc_alexcreates,tiktok,A Day in My Life as a Creator #5,2024-04-18 02:03:33,26.4,Screen Record,128,6,"Mindset,Productivity,Habits,Morning Routine",assets/thumbs/tiktok_4.jpg,2024-05-18 02:03:33,33151,816,71,136,177,10456,229874.2,50
post_100084,acc_alexcreates,reels,5 Books That Actually Matter,2024-01-04 04:30:06,52.2,Talking Head,195,6,"Productivity,Setup,Tech,Workflow",assets/thumbs/reels_5.jpg,2024-02-03 04:30:06,73249,4087,294,498,856,34993,1439022.9,218
post_100085,acc_alexcreates,tiktok,What Nobody Tells You About Burnout #9,2024-04-06 03:36:14,49.0,Text/Caption,213,6,"Mindset,Productivity,Habits,Morning Routine",assets/thumbs/tiktok_6.jpg,2024-05-06 03:36:14,25872,527,40,87,125,10578,424613.6,35
post_100086,acc_alexcreates,reels,A Day in My Life as a Creator,2024-01-02 13:59:56,53.1,Talking Head,185,7,"Productivity,Setup,Tech,Workflow",assets/thumbs/reels_7.jpg,2024-02-01 13:59:56,72970,2074,120,283,406,40685,1692039.3,135
post_100087,acc_alexcreates,reels,What Nobody Tells You About Burnout #6,2024-01-14 20:25:44,39.4,Text/Caption,193,6,"Advice,Career,Motivation,Finance",assets/thumbs/reels_8.jpg,2024-02-13 20:25:44,202422,16880,1163,2372,3613,149616,4662692.6,1102
post_100088,acc_alexcreates,tiktok,How to Double Your Output in 30 Days,2024-04-03 00:26:21,19.2,POV,190,3,"Advice,Career,Motivation,Finance",assets/thumbs/tiktok_9.jpg,2024-05-03 00:26:21,160740,6939,450,995,1463,101222,1542046.3,392
post_100089,acc_alexcreates,tiktok,The 5 AM Mindset Changed My Life #8,2024-03-17 19:48:55,54.9,Talking Head,255,3,"Productivity,Setup,Tech,Workflow",assets/thumbs/tiktok_10.jpg,2024-04-16 19:48:55,646852,36344,2534,4919,7006,495722,22623114.1,2257
post_100090,acc_alexcreates,reels,The 5 AM Mindset Changed My Life #4,2024-01-23 19:20:25,49.5,POV,260,6,"Productivity,Setup,Tech,Workflow",assets/thumbs/reels_1.jpg,2024-02-22 19:20:25,143823,5295,375,731,1149,64659,2670442.9,296
post_100091,acc_alexcreates,tiktok,Why Consistency Always Wins,2024-03-16 08:32:28,48.5,Screen Record,94,5,"Advice,Career,Motivation,Finance",assets/thumbs/tiktok_2.jpg,2024-04-15 08:32:28,86899,4289,332,463,876,53950,2082565.6,274
post_100092,acc_alexcreates,tiktok,This Changed Everything,2024-04-25 01:18:18,35.8,Screen Record,74,6,"Mindset,Productivity,Habits,Morning Routine",assets/thumbs/tiktok_3.jpg,2024-05-25 01:18:18,335795,32128,1744,4619,6042,248024,7105556.3,1649
post_100093,acc_alexcreates,shorts,My Full Workout Routine,2024-01-23 12:28:36,39.7,Text/Caption,204,7,"Mindset,Productivity,Habits,Morning Routine",assets/thumbs/shorts_4.jpg,2024-02-22 12:28:36,11346,326,25,41,68,3173,101184.5,15
post_100094,acc_alexcreates,reels,The Truth About Content Creation,2024-02-26 06:51:02,15.3,Text/Caption,115,7,"Lifestyle,Travel,Vlog,Daily",assets/thumbs/reels_5.jpg,2024-03-27 06:51:02,57417,2757,210,396,600,29683,347277.0,128
post_100095,acc_alexcreates,tiktok,5 Books That Actually Matter #2,2024-01-12 18:30:55,53.6,Talking Head,127,7,"Mindset,Productivity,Habits,Morning Routine",assets/thumbs/tiktok_6.jpg,2024-02-11 18:30:55,1426598,80347,7051,9773,19285,1188291,51958137.0,3885
post_100096,acc_alexcreates,reels,Stop Overthinking (Here's How),2024-02-16 00:40:48,52.5,Screen Record,253,4,"Productivity,Setup,Tech,Workflow",assets/thumbs/reels_7.jpg,2024-03-17 00:40:48,55254,2767,203,419,646,34991,1435074.8,178
post_100097,acc_alexcreates,tiktok,This Changed Everything,2024-02-11 07:28:53,24.4,POV,119,2,"Fitness,Health,Workout,Routine",assets/thumbs/tiktok_8.jpg,2024-03-12 07:28:53,394224,24775,1885,3769,5764,307737,6299406.4,1327
post_100098,acc_alexcreates,tiktok,This Changed Everything,2024-05-17 00:31:21,40.5,POV,50,5,"Mindset,Productivity,Habits,Morning Routine",assets/thumbs/tiktok_9.jpg,2024-06-16 00:31:21,259743,24412,1562,3770,4598,192984,6575701.7,1042
post_100099,acc_alexcreates,shorts,The Truth About Content Creation,2024-01-23 05:56:38,19.8,POV,225,4,"Advice,Career,Motivation,Finance",assets/thumbs/shorts_10.jpg,2024-02-22 05:56:38,294388,22700,1622,2643,4890,247975,3785964.5,1334
